gene_symbol,uniprot_accession,probe_ids,n_probes,top_enriched_structures,z_scores,expression_energies,best_z_score,sequence
GPR151,Q8TDV0,1035179;1035180,2,epithalamus; mesencephalon; claustrum; brain; basal forebrain,3.45; 0.32; 0.32; 0.26; 0.25,4.38; 2.06; 2.14; 1.83; 2.01,3.453,MLAAAFADSNSSSMNVSFAHLHFAGGYLPSDSQDWRTIIPALLVAVCLVGFVGNLCVIGILLHNAWKGKPSMIHSLILNLSLADLSLLLFSAPIRATAYSKSVWDLGWFVCKSSDWFIHTCMAAKSLTIVVVAKVCFMYASDPAKQVSIHNYTIWSVLVAIWTVASLLPLPEWFFSTIRHHEGVEMCLVDVPAVAEEFMSMFGKLYPLLAFGLPLFFASFYFWRAYDQCKKRGTKTQNLRNQIRSKQVTVMLLSIAIISALLWLPEWVAWLWVWHLKAAGPAPPQGFIALSQVLMFSISSANPLIFLVMSEEFREGLKGVWKWMITKKPPTVSESQETPAGNSEGLPDKVPSPESPASIPEKEKPSSPSSGKGKTEKAEIPILPDVEQFWHERDTVPSVQDNDPIPWEHEDQETGEGVK
GPR143,P51810,1053508;1053509,2,sulci & spaces; basal part of pons; basal forebrain; hypothalamus; mesencephalon,2.82; 1.26; 1.06; 0.99; 0.95,7.37; 5.84; 5.66; 5.62; 5.47,2.8244,MASPRLGTFCCPTRDAATQLVLSFQPRAFHALCLGSGGLRLALGLLQLLPGRRPAGPGSPATSPPASVRILRAAAACDLLGCLGMVIRSTVWLGFPNFVDSVSDMNHTEIWPAAFCVGSAMWIQLLYSACFWWLFCYAVDAYLVIRRSAGLSTILLYHIMAWGLATLLCVEGAAMLYYPSVSRCERGLDHAIPHYVTMYLPLLLVLVANPILFQKTVTAVASLLKGRQGIYTENERRMGAVIKIRFFKIMLVLIICWLSNIINESLLFYLEMQTDINGGSLKPVRTAAKTTWFIMGILNPAQGFLLSLAFYGWTGCSLGFQSPRKEIQWESLTTSAAEGAHPSPLMPHENPASGKVSQVGGQTSDEALSMLSEGSDASTIEIHTASESCNKNEGDPALPTHGDL
GPR183,P32249,1057410;1057411,2,sulci & spaces; epithalamus; white matter; cerebellar nuclei; ventral thalamus,2.77; 2.66; 2.48; 1.97; 1.46,8.24; 8.02; 7.55; 7.17; 6.76,2.7723,MDIQMANNFTPPSATPQGNDCDLYAHHSTARIVMPLHYSLVFIIGLVGNLLALVVIVQNRKKINSTTLYSTNLVISDILFTTALPTRIAYYAMGFDWRIGDALCRITALVFYINTYAGVNFMTCLSIDRFIAVVHPLRYNKIKRIEHAKGVCIFVWILVFAQTLPLLINPMSKQEAERITCMEYPNFEETKSLPWILLGACFIGYVLPLIIILICYSQICCKLFRTAKQNPLTEKSGVNKKALNTIILIIVVFVLCFTPYHVAIIQHMIKKLRFSNFLECSQRHSFQISLHFTVCLMNFNCCMDPFIYFFACKGYKRKVMRMLKRQVSVSISSAVKSAPEENSREMTETQMMIHSKSSNGK
GPR84,Q9NQS5,1043047;1043046,2,sulci & spaces; mesencephalon; basal part of pons; amygdala; myelencephalon,2.65; 0.39; 0.23; 0.22; 0.10,4.17; 2.16; 2.13; 2.11; 2.05,2.6525,MWNSSDANFSCYHESVLGYRYVAVSWGVVVAVTGTVGNVLTLLALAIQPKLRTRFNLLIANLTLADLLYCTLLQPFSVDTYLHLHWRTGATFCRVFGLLLFASNSVSILTLCLIALGRYLLIAHPKLFPQVFSAKGIVLALVSTWVVGVASFAPLWPIYILVPVVCTCSFDRIRGRPYTTILMGIYFVLGLSSVGIFYCLIHRQVKRAAQALDQYKLRQASIHSNHVARTDEAMPGRFQELDSRLASGGPSEGISSEPVSAATTQTLEGDSSEVGDQINSKRAKQMAEKSPPEASAKAQPIKGARRAPDSSSEFGKVTRMCFAVFLCFALSYIPFLLLNILDARVQAPRVVHMLAANLTWLNGCINPVLYAAMNRQFRQAYGSILKRGPRSFHRLH
GPR135,Q8IZ08,1039822;1039820;1039821,3,sulci & spaces; cerebellar cortex; epithalamus; hippocampal formation; amygdala,2.60; 1.45; 1.19; 0.37; 0.22,7.78; 7.13; 6.86; 6.31; 6.22,2.602,MEEPQPPRPPASMALLGSQHSGAPSAAGPPGGTSSAATAAVLSFSTVATAALGNLSDASGGGTAAAPGGGGLGGSGAAREAGAAVRRPLGPEAAPLLSHGAAVAAQALVLLLIFLLSSLGNCAVMGVIVKHRQLRTVTNAFILSLSLSDLLTALLCLPAAFLDLFTPPGGSAPAAAAGPWRGFCAASRFFSSCFGIVSTLSVALISLDRYCAIVRPPREKIGRRRALQLLAGAWLTALGFSLPWELLGAPRELAAAQSFHGCLYRTSPDPAQLGAAFSVGLVVACYLLPFLLMCFCHYHICKTVRLSDVRVRPVNTYARVLRFFSEVRTATTVLIMIVFVICCWGPYCFLVLLAAARQAQTMQAPSLLSVVAVWLTWANGAINPVIYAIRNPNISMLLGRNREEGYRTRNVDAFLPSQGPGLQARSRSRLRNRYANRLGACNRMSSSNPASGVAGDVAMWARKNPVVLFCREGPPEPVTAVTKQPKSEAGDTSL
GPR62,Q9BZJ7,1035945;1035944,2,white matter; ventral thalamus; subthalamus; globus pallidus; cerebellar nuclei,2.57; 1.81; 1.50; 1.49; 0.91,7.74; 7.10; 6.78; 6.96; 6.37,2.5729,MANSTGLNASEVAGSLGLILAAVVEVGALLGNGALLVVVLRTPGLRDALYLAHLCVVDLLAAASIMPLGLLAAPPPGLGRVRLGPAPCRAARFLSAALLPACTLGVAALGLARYRLIVHPLRPGSRPPPVLVLTAVWAAAGLLGALSLLGTPPAPPPAPARCSVLAGGLGPFRPLWALLAFALPALLLLGAYGGIFVVARRAALRPPRPARGSRLHSDSLDSRLSILPPLRPRLPGGKAALAPALAVGQFAACWLPYGCACLAPAARAAEAEAAVTWVAYSAFAAHPFLYGLLQRPVRLALGRLSRRALPGPVRACTPQAWHPRALLQCLQRPPEGPAVGPSEAPEQTPELAGGRSPAYQGPPESSLS
GPR146,Q96CH1,1036149;1036150,2,sulci & spaces; ventral thalamus; subthalamus; globus pallidus; dorsal thalamus,2.49; 1.16; 1.09; 1.08; 0.85,6.16; 5.31; 5.32; 5.30; 5.15,2.489,MWSCSWFNGTGLVEELPACQDLQLGLSLLSLLGLVVGVPVGLCYNALLVLANLHSKASMTMPDVYFVNMAVAGLVLSALAPVHLLGPPSSRWALWSVGGEVHVALQIPFNVSSLVAMYSTALLSLDHYIERALPRTYMASVYNTRHVCGFVWGGALLTSFSSLLFYICSHVSTRALECAKMQNAEAADATLVFIGYVVPALATLYALVLLSRVRREDTPLDRDTGRLEPSAHRLLVATVCTQFGLWTPHYLILLGHTVIISRGKPVDAHYLGLLHFVKDFSKLLAFSSSFVTPLLYRYMNQSFPSKLQRLMKKLPCGDRHCSPDHMGVQQVLA
GPR88,Q9GZN0,1042989;1042988;1042990,3,striatum; brain; basal forebrain; amygdala; claustrum,2.37; 0.86; 0.76; 0.61; 0.61,9.17; 6.19; 6.31; 6.04; 5.82,2.3675,MTNSSSTSTSSTTGGSLLLLCEEEESWAGRRIPVSLLYSGLAIGGTLANGMVIYLVSSFRKLQTTSNAFIVNGCAADLSVCALWMPQEAVLGLLPTGSAEPPADWDGAGGSYRLLRGGLLGLGLTVSLLSHCLVALNRYLLITRAPATYQALYQRRHTAGMLALSWALALGLVLLLPPWAPRPGAAPPRVHYPALLAAAALLAQTALLLHCYLGIVRRVRVSVKRVSVLNFHLLHQLPGCAAAAAAFPGAQHAPGPGGAAHPAQAQPLPPALHPRRAQRRLSGLSVLLLCCVFLLATQPLVWVSLASGFSLPVPWGVQAASWLLCCALSALNPLLYTWRNEEFRRSVRSVLPGVGDAAAAAVAATAVPAVSQAQLGTRAAGQHW
GPR4,P46093,1056262;1056263,2,dorsal thalamus; cerebellar nuclei; sulci & spaces; subthalamus; myelencephalon,2.34; 1.04; 0.98; 0.71; 0.67,5.84; 4.59; 4.76; 4.27; 4.22,2.3421,MGNHTWEGCHVDSRVDHLFPPSLYIFVIGVGLPTNCLALWAAYRQVQQRNELGVYLMNLSIADLLYICTLPLWVDYFLHHDNWIHGPGSCKLFGFIFYTNIYISIAFLCCISVDRYLAVAHPLRFARLRRVKTAVAVSSVVWATELGANSAPLFHDELFRDRYNHTFCFEKFPMEGWVAWMNLYRVFVGFLFPWALMLLSYRGILRAVRGSVSTERQEKAKIKRLALSLIAIVLVCFAPYHVLLLSRSAIYLGRPWDCGFEERVFSAYHSSLAFTSLNCVADPILYCLVNEGARSDVAKALHNLLRFLASDKPQEMANASLTLETPLTSKRNSTAKAMTGSWAATPPSQGDQVQLKMLPPAQ
GPR6,P46095,1022128;1022127,2,striatum; parahippocampal gyrus; basal forebrain; insula; cingulate gyrus,2.07; 0.56; 0.48; 0.37; 0.35,7.51; 5.13; 4.95; 4.86; 4.78,2.0672,MNASAASLNDSQVVVVAAEGAAAAATAAGGPDTGEWGPPAAAALGAGGGANGSLELSSQLSAGPPGLLLPAVNPWDVLLCVSGTVIAGENALVVALIASTPALRTPMFVLVGSLATADLLAGCGLILHFVFQYLVPSETVSLLTVGFLVASFAASVSSLLAITVDRYLSLYNALTYYSRRTLLGVHLLLAATWTVSLGLGLLPVLGWNCLAERAACSVVRPLARSHVALLSAAFFMVFGIMLHLYVRICQVVWRHAHQIALQQHCLAPPHLAATRKGVGTLAVVLGTFGASWLPFAIYCVVGSHEDPAVYTYATLLPATYNSMINPIIYAFRNQEIQRALWLLLCGCFQSKVPFRSRSPSEV
GPR101,Q96P66,1038130;1038131,2,striatum; hypothalamus; brain; basal forebrain; amygdala,2.04; 1.98; 1.52; 1.39; 0.85,3.88; 3.90; 3.36; 3.25; 2.74,2.0357,MTSTCTNSTRESNSSHTCMPLSKMPISLAHGIIRSTVLVIFLAASFVGNIVLALVLQRKPQLLQVTNRFIFNLLVTDLLQISLVAPWVVATSVPLFWPLNSHFCTALVSLTHLFAFASVNTIVVVSVDRYLSIIHPLSYPSKMTQRRGYLLLYGTWIVAILQSTPPLYGWGQAAFDERNALCSMIWGASPSYTILSVVSFIVIPLIVMIACYSVVFCAARRQHALLYNVKRHSLEVRVKDCVENEDEEGAEKKEEFQDESEFRRQHEGEVKAKEGRMEAKDGSLKAKEGSTGTSESSVEARGSEEVRESSTVASDGSMEGKEGSTKVEENSMKADKGRTEVNQCSIDLGEDDMEFGEDDINFSEDDVEAVNIPESLPPSRRNSNSNPPLPRCYQCKAAKVIFIIIFSYVLSLGPYCFLAVLAVWVDVETQVPQWVITIIIWLFFLQCCIHPYVYGYMHKTIKKEIQDMLKKFFCKEKPPKEDSHPDLPGTEGGTEGKIVPSYDSATFP
GPR37,O15354,1056227;1056226,2,white matter; ventral thalamus; globus pallidus; subthalamus; cerebellar nuclei,1.97; 1.59; 1.58; 0.97; 0.76,8.20; 7.89; 7.78; 7.11; 6.69,1.9694,MRAPGALLARMSRLLLLLLLKVSASSALGVAPASRNETCLGESCAPTVIQRRGRDAWGPGNSARDVLRARAPREEQGAAFLAGPSWDLPAAPGRDPAAGRGAEASAAGPPGPPTRPPGPWRWKGARGQEPSETLGRGNPTALQLFLQISEEEEKGPRGAGISGRSQEQSVKTVPGASDLFYWPRRAGKLQGSHHKPLSKTANGLAGHEGWTIALPGRALAQNGSLGEGIHEPGGPRRGNSTNRRVRLKNPFYPLTQESYGAYAVMCLSVVIFGTGIIGNLAVMCIVCHNYYMRSISNSLLANLAFWDFLIIFFCLPLVIFHELTKKWLLEDFSCKIVPYIEVASLGVTTFTLCALCIDRFRAATNVQMYYEMIENCSSTTAKLAVIWVGALLLALPEVVLRQLSKEDLGFSGRAPAERCIIKISPDLPDTIYVLALTYDSARLWWYFGCYFCLPTLFTITCSLVTARKIRKAEKACTRGNKRQIQLESQMNCTVVALTILYGFCIIPENICNIVTAYMATGVSQQTMDLLNIISQFLLFFKSCVTPVLLFCLCKPFSRAFMECCCCCCEECIQKSSTVTSDDNDNEYTTELELSPFSTIRREMSTFASVGTHC
GPR75,O95800,1046797;1046796,2,epithalamus; mesencephalon; brain; subthalamus; ventral thalamus,1.90; 1.20; 1.18; 1.12; 1.02,7.83; 7.07; 7.00; 7.06; 6.91,1.9041,MNSTGHLQDAPNATSLHVPHSQEGNSTSLQEGLQDLIHTATLVTCTFLLAVIFCLGSYGNFIVFLSFFDPAFRKFRTNFDFMILNLSFCDLFICGVTAPMFTFVLFFSSASSIPDAFCFTFHLTSSGFIIMSLKTVAVIALHRLRMVLGKQPNRTASFPCTVLLTLLLWATSFTLATLATLKTSKSHLCLPMSSLIAGKGKAILSLYVVDFTFCVAVVSVSYIMIAQTLRKNAQVRKCPPVITVDASRPQPFMGVPVQGGGDPIQCAMPALYRNQNYNKLQHVQTRGYTKSPNQLVTPAASRLQLVSAINLSTAKDSKAVVTCVIIVLSVLVCCLPLGISLVQVVLSSNGSFILYQFELFGFTLIFFKSGLNPFIYSRNSAGLRRKVLWCLQYIGLGFFCCKQKTRLRAMGKGNLEVNRNKSSHHETNSAYMLSPKPQKKFVDQACGPSHSKESMVSPKISAGHQHCGQSSSTPINTRIEPYYSIYNSSPSQEESSPCNLQPVNSFGFANSYIAMHYHTTNDLVQEYDSTSAKQIPVPSV
GPR34,Q9UPC5,1014003;1017944,2,white matter; globus pallidus; ventral thalamus; epithalamus; cerebellar nuclei,1.89; 1.60; 1.31; 1.28; 1.19,5.39; 5.41; 5.18; 4.73; 4.95,1.8871,MRSHTITMTTTSVSSWPYSSHRMRFITNHSDQPPQNFSATPNVTTCPMDEKLLSTVLTTSYSVIFIVGLVGNIIALYVFLGIHRKRNSIQIYLLNVAIADLLLIFCLPFRIMYHINQNKWTLGVILCKVVGTLFYMNMYISIILLGFISLDRYIKINRSIQQRKAITTKQSIYVCCIVWMLALGGFLTMIILTLKKGGHNSTMCFHYRDKHNAKGEAIFNFILVVMFWLIFLLIILSYIKIGKNLLRISKRRSKFPNSGKYATTARNSFIVLIIFTICFVPYHAFRFIYISSQLNVSSCYWKEIVHKTNEIMLVLSSFNSCLDPVMYFLMSSNIRKIMCQLLFRRFQGEPSRSESTSEFKPGYSLHDTSVAVKIQSSSKST
GPR52,Q9Y2T5,1048761;1048760,2,striatum; cerebellar cortex; brain; sulci & spaces; amygdala,1.88; 1.09; 0.53; 0.49; 0.37,5.81; 5.08; 4.48; 4.49; 4.46,1.8785,MNESRWTEWRILNMSSGIVNVSERHSCPLGFGHYSVVDVCIFETVVIVLLTFLIIAGNLTVIFVFHCAPLLHHYTTSYFIQTMAYADLFVGVSCLVPTLSLLHYSTGVHESLTCQVFGYIISVLKSVSMACLACISVDRYLAITKPLSYNQLVTPCRLRICIILIWIYSCLIFLPSFFGWGKPGYHGDIFEWCATSWLTSAYFTGFIVCLLYAPAAFVVCFTYFHIFKICRQHTKEINDRRARFPSHEVDSSRETGHSPDRRYAMVLFRITSVFYMLWLPYIIYFLLESSRVLDNPTLSFLTTWLAISNSFCNCVIYSLSNSVFRLGLRRLSETMCTSCMCVKDQEAQEPKPRKRANSCSI
GPR149,Q86SP6,1022284;1022283,2,striatum; basal part of pons; ventral thalamus; subthalamus; cerebellar nuclei,1.86; 1.51; 1.50; 1.48; 1.36,7.25; 6.71; 6.69; 6.64; 6.50,1.8635,MSLFLSNLSTNDSSLWKENHNSTDLLNPPGTLNIYLFCLTCLMTFAALVGSIYSLISLLKMQNRTVVSMLVASWSVDDLMSVLSVTIFMFLQWPNEVPGYFQFLCTTSALMYLCQGLSSNLKATLLVSYNFYTMHRGVGSQTASRRSGQVLGVVLTVWAASLLLSALPLCGWGAFVRTPWGCLVDCSSSYVLFLSIVYALAFGLLVGLSVPLTHRLLCSEEPPRLHSNYQEISRGASIPGTPPTAGRVVSLSPEDAPGPSLRRSGGCSPSSDTVFGPGAPAAAGAEACRRENRGTLYGTRSFTVSVAQKRFALILALTKVVLWLPMMMHMVVQNVVGFQSLPLETFSFLLTLLATTVTPVFVLSKRWTHLPCGCIINCRQNAYAVASDGKKIKRKGFEFNLSFQKSYGIYKIAHEDYYDDDENSIFYHNLMNSECETTKDPQRDNRNIFNAIKVEISTTPSLDSSTQRGINKCTNTDITEAKQDSNNKKDAFSDKTGGDINYEETTFSEGPERRLSHEESQKPDLSDWEWCRSKSERTPRQRSGYALAIPLCAFQGTVSLHAPTGKTLSLSTYEVSAEGQKITPASKKIEVYRSKSVGHEPNSEDSSSTFVDTSVKIHLEVLEICDNEEALDTVSIISNISQSSTQVRSPSLRYSRKENRFVSCDLGETASYSLFLPTSNPDGDINISIPDTVEAHRQNSKRQHQERDGYQEEIQLLNKAYRKREEESKGS
GPR65,Q8IYL9,1049669;1049670,2,epithalamus; sulci & spaces; cerebellar nuclei; globus pallidus; ventral thalamus,1.81; 1.28; 1.02; 0.86; 0.77,3.08; 2.87; 2.67; 2.55; 2.59,1.813,MNSTCIEEQHDLDHYLFPIVYIFVIIVSIPANIGSLCVSFLQAKKESELGIYLFSLSLSDLLYALTLPLWIDYTWNKDNWTFSPALCKGSAFLMYMNFYSSTAFLTCIAVDRYLAVVYPLKFFFLRTRRFALMVSLSIWILETIFNAVMLWEDETVVEYCDAEKSNFTLCYDKYPLEKWQINLNLFRTCTGYAIPLVTILICNRKVYQAVRHNKATENKEKKRIIKLLVSITVTFVLCFTPFHVMLLIRCILEHAVNFEDHSNSGKRTYTMYRITVALTSLNCVADPILYCFVTETGRYDMWNILKFCTGRCNTSQRQRKRILSVSTKDTMELEVLE
GPR63,Q9BZJ6,1038366;1038367,2,sulci & spaces; claustrum; basal part of pons; striatum; dorsal thalamus,1.81; 1.05; 0.92; 0.76; 0.32,4.25; 3.83; 3.72; 3.57; 3.22,1.8097,MVFSAVLTAFHTGTSNTTFVVYENTYMNITLPPPFQHPDLSPLLRYSFETMAPTGLSSLTVNSTAVPTTPAAFKSLNLPLQITLSAIMIFILFVSFLGNLVVCLMVYQKAAMRSAINILLASLAFADMLLAVLNMPFALVTILTTRWIFGKFFCRVSAMFFWLFVIEGVAILLIISIDRFLIIVQRQDKLNPYRAKVLIAVSWATSFCVAFPLAVGNPDLQIPSRAPQCVFGYTTNPGYQAYVILISLISFFIPFLVILYSFMGILNTLRHNALRIHSYPEGICLSQASKLGLMSLQRPFQMSIDMGFKTRAFTTILILFAVFIVCWAPFTTYSLVATFSKHFYYQHNFFEISTWLLWLCYLKSALNPLIYYWRIKKFHDACLDMMPKSFKFLPQLPGHTKRRIRPSAVYVCGEHRTVV
GPR139,Q6DWJ6,1035713;1035714,2,striatum; hypothalamus; myelencephalon; epithalamus; pontine tegmentum,1.74; 0.65; 0.62; 0.58; 0.41,4.44; 3.55; 3.59; 3.38; 3.40,1.7414,MEHTHAHLAANSSLSWWSPGSACGLGFVPVVYYSLLLCLGLPANILTVIILSQLVARRQKSSYNYLLALAAADILVLFFIVFVDFLLEDFILNMQMPQVPDKIIEVLEFSSIHTSIWITVPLTIDRYIAVCHPLKYHTVSYPARTRKVIVSVYITCFLTSIPYYWWPNIWTEDYISTSVHHVLIWIHCFTVYLVPCSIFFILNSIIVYKLRRKSNFRLRGYSTGKTTAILFTITSIFATLWAPRIIMILYHLYGAPIQNRWLVHIMSDIANMLALLNTAINFFLYCFISKRFRTMAAATLKAFFKCQKQPVQFYTNHNFSITSSPWISPANSHCIKMLVYQYDKNGKPIKVSP
MRGPRF,Q96AM1,1033269;1033268,2,cerebellar cortex; basal part of pons; globus pallidus; occipital lobe; sulci & spaces,1.62; 0.67; 0.54; 0.27; 0.24,9.82; 8.48; 8.05; 8.07; 8.27,1.6183,MAGNCSWEAHPGNRNKMCPGLSEAPELYSRGFLTIEQIAMLPPPAVMNYIFLLLCLCGLVGNGLVLWFFGFSIKRNPFSIYFLHLASADVGYLFSKAVFSILNTGGFLGTFADYIRSVCRVLGLCMFLTGVSLLPAVSAERCASVIFPAWYWRRRPKRLSAVVCALLWVLSLLVTCLHNYFCVFLGRGAPGAACRHMDIFLGILLFLLCCPLMVLPCLALILHVECRARRRQRSAKLNHVILAMVSVFLVSSIYLGIDWFLFWVFQIPAPFPEYVTDLCICINSSAKPIVYFLAGRDKSQRLWEPLRVVFQRALRDGAELGEAGGSTPNTVTMEMQCPPGNAS
GPR158,Q5T848,1040618;1040619,2,striatum; basal part of pons; cerebellar cortex; dorsal thalamus; occipital lobe,1.51; 1.20; 0.94; 0.42; 0.26,10.25; 10.01; 9.81; 9.42; 9.30,1.512,MGAMAYPLLLCLLLAQLGLGAVGASRDPQGRPDSPRERTPKGKPHAQQPGRASASDSSAPWSRSTDGTILAQKLAEEVPMDVASYLYTGDSHQLKRANCSGRYELAGLPGKWPALASAHPSLHRALDTLTHATNFLNVMLQSNKSREQNLQDDLDWYQALVWSLLEGEPSISRAAITFSTDSLSAPAPQVFLQATREESRILLQDLSSSAPHLANATLETEWFHGLRRKWRPHLHRRGPNQGPRGLGHSWRRKDGLGGDKSHFKWSPPYLECENGSYKPGWLVTLSSAIYGLQPNLVPEFRGVMKVDINLQKVDIDQCSSDGWFSGTHKCHLNNSECMPIKGLGFVLGAYECICKAGFYHPGVLPVNNFRRRGPDQHISGSTKDVSEEAYVCLPCREGCPFCADDSPCFVQEDKYLRLAIISFQALCMLLDFVSMLVVYHFRKAKSIRASGLILLETILFGSLLLYFPVVILYFEPSTFRCILLRWARLLGFATVYGTVTLKLHRVLKVFLSRTAQRIPYMTGGRVMRMLAVILLVVFWFLIGWTSSVCQNLEKQISLIGQGKTSDHLIFNMCLIDRWDYMTAVAEFLFLLWGVYLCYAVRTVPSAFHEPRYMAVAVHNELIISAIFHTIRFVLASRLQSDWMLMLYFAHTHLTVTVTIGLLLIPKFSHSSNNPRDDIATEAYEDELDMGRSGSYLNSSINSAWSEHSLDPEDIRDELKKLYAQLEIYKRKKMITNNPHLQKKRCSKKGLGRSIMRRITEIPETVSRQCSKEDKEGADHGTAKGTALIRKNPPESSGNTGKSKEETLKNRVFSLKKSHSTYDHVRDQTEESSSLPTESQEEETTENSTLESLSGKKLTQKLKEDSEAESTESVPLVCKSASAHNLSSEKKTGHPRTSMLQKSLSVIASAKEKTLGLAGKTQTAGVEERTKSQKPLPKDKETNRNHSNSDNTETKDPAPQNSNPAEEPRKPQKSGIMKQQRVNPTTANSDLNPGTTQMKDNFDIGEVCPWEVYDLTPGPVPSESKVQKHVSIVASEMEKNPTFSLKEKSHHKPKAAEVCQQSNQKRIDKAEVCLWESQGQSILEDEKLLISKTPVLPERAKEENGGQPRAANVCAGQSEELPPKAVASKTENENLNQIGHQEKKTSSSEENVRGSYNSSNNFQQPLTSRAEVCPWEFETPAQPNAGRSVALPASSALSANKIAGPRKEEIWDSFKV
GPR83,Q9NYM4,1046864;1046866;1046865,3,cerebellar cortex; hippocampal formation; hypothalamus; claustrum; ventral thalamus,1.51; 0.87; 0.64; 0.50; 0.41,4.77; 3.99; 3.78; 3.55; 3.42,1.5116,MVPHLLLLCLLPLVRATEPHEGRADEQSAEAALAVPNASHFFSWNNYTFSDWQNFVGRRRYGAESQNPTVKALLIVAYSFIIVFSLFGNVLVCHVIFKNQRMHSATSLFIVNLAVADIMITLLNTPFTLVRFVNSTWIFGKGMCHVSRFAQYCSLHVSALTLTAIAVDRHQVIMHPLKPRISITKGVIYIAVIWTMATFFSLPHAICQKLFTFKYSEDIVRSLCLPDFPEPADLFWKYLDLATFILLYILPLLIISVAYARVAKKLWLCNMIGDVTTEQYFALRRKKKKTIKMLMLVVVLFALCWFPLNCYVLLLSSKVIRTNNALYFAFHWFAMSSTCYNPFIYCWLNENFRIELKALLSMCQRPPKPQEDRPPSPVPSFRVAWTEKNDGQRAPLANNLLPTSQLQSGKTDLSSVEPIVTMS
GPR160,Q9UJ42,1044734;1044735,2,claustrum; brain; insula; parahippocampal gyrus; temporal lobe,1.48; 1.28; 0.78; 0.64; 0.54,4.38; 4.24; 3.74; 3.61; 3.49,1.4806,MTALSSENCSFQYQLRQTNQPLDVNYLLFLIILGKILLNILTLGMRRKNTCQNFMEYFCISLAFVDLLLLVNISIILYFRDFVLLSIRFTKYHICLFTQIISFTYGFLHYPVFLTACIDYCLNFSKTTKLSFKCQKLFYFFTVILIWISVLAYVLGDPAIYQSLKAQNAYSRHCPFYVSIQSYWLSFFMVMILFVAFITCWEEVTTLVQAIRITSYMNETILYFPFSSHSSYTVRSKKIFLSKLIVCFLSTWLPFVLLQVIIVLLKVQIPAYIEMNIPWLYFVNSFLIATVYWFNCHKLNLKDIGLPLDPFVNWKCCFIPLTIPNLEQIEKPISIMIC
GPR20,Q99678,1056245;1056246,2,sulci & spaces; frontal lobe; subthalamus; parietal lobe; ventral thalamus,1.44; 0.73; 0.61; 0.44; 0.44,5.81; 5.39; 5.25; 5.16; 5.12,1.4435,MPSVSPAGPSAGAVPNATAVTTVRTNASGLEVPLFHLFARLDEELHGTFPGLWLALMAVHGAIFLAGLVLNGLALYVFCCRTRAKTPSVIYTINLVVTDLLVGLSLPTRFAVYYGARGCLRCAFPHVLGYFLNMHCSILFLTCICVDRYLAIVRPEGSRRCRQPACARAVCAFVWLAAGAVTLSVLGVTGSRPCCRVFALTVLEFLLPLLVISVFTGRIMCALSRPGLLHQGRQRRVRAMQLLLTVLIIFLVCFTPFHARQVAVALWPDMPHHTSLVVYHVAVTLSSLNSCMDPIVYCFVTSGFQATVRGLFGQHGEREPSSGDVVSMHRSSKGSGRHHILSAGPHALTQALANGPEA
GPR12,P47775,1056255;1056256,2,brain; cerebellar nuclei; mesencephalon; myelencephalon; subthalamus,1.37; 1.00; 0.99; 0.94; 0.82,9.75; 10.09; 10.01; 9.95; 9.78,1.3694,MNEDLKVNLSGLPRDYLDAAAAENISAAVSSRVPAVEPEPELVVNPWDIVLCTSGTLISCENAIVVLIIFHNPSLRAPMFLLIGSLALADLLAGIGLITNFVFAYLLQSEATKLVTIGLIVASFSASVCSLLAITVDRYLSLYYALTYHSERTVTFTYVMLVMLWGTSICLGLLPVMGWNCLRDESTCSVVRPLTKNNAAILSVSFLFMFALMLQLYIQICKIVMRHAHQIALQHHFLATSHYVTTRKGVSTLAIILGTFAACWMPFTLYSLIADYTYPSIYTYATLLPATYNSIINPVIYAFRNQEIQKALCLICCGCIPSSLAQRARSPSDV
GPR31,O00270,1056233;1056232,2,brain; subthalamus; basal forebrain; cerebellar nuclei; mesencephalon,1.28; 0.54; 0.20; 0.19; 0.18,2.59; 2.59; 2.31; 2.41; 2.38,1.2817,MPFPNCSAPSTVVATAVGVLLGLECGLGLLGNAVALWTFLFRVRVWKPYAVYLLNLALADLLLAACLPFLAAFYLSLQAWHLGRVGCWALHFLLDLSRSVGMAFLAAVALDRYLRVVHPRLKVNLLSPQAALGVSGLVWLLMVALTCPGLLISEAAQNSTRCHSFYSRADGSFSIIWQEALSCLQFVLPFGLIVFCNAGIIRALQKRLREPEKQPKLQRAQALVTLVVVLFALCFLPCFLARVLMHIFQNLGSCRALCAVAHTSDVTGSLTYLHSVLNPVVYCFSSPTFRSSYRRVFHTLRGKGQAAEPPDFNPRDSYS
GPR19,Q15760,1056248;1056247,2,cerebellar cortex; epithalamus; hypothalamus; subthalamus; basal forebrain,1.17; 0.79; 0.74; 0.72; 0.71,7.34; 7.12; 7.09; 7.09; 7.12,1.1664,MVFAHRMDNSKPHLIIPTLLVPLQNRSCTETATPLPSQYLMELSEEHSWMSNQTDLHYVLKPGEVATASIFFGILWLFSIFGNSLVCLVIHRSRRTQSTTNYFVVSMACADLLISVASTPFVLLQFTTGRWTLGSATCKVVRYFQYLTPGVQIYVLLSICIDRFYTIVYPLSFKVSREKAKKMIAASWVFDAGFVTPVLFFYGSNWDSHCNYFLPSSWEGTAYTVIHFLVGFVIPSVLIILFYQKVIKYIWRIGTDGRTVRRTMNIVPRTKVKTIKMFLILNLLFLLSWLPFHVAQLWHPHEQDYKKSSLVFTAITWISFSSSASKPTLYSIYNANFRRGMKETFCMSSMKCYRSNAYTITTSSRMAKKNYVGISEIPSMAKTITKDSIYDSFDREAKEKKLAWPINSNPPNTFV
GPR22,Q99680,1022110;1022109;1022111;1022114;1022113;1022112,6,hippocampal formation; claustrum; parietal lobe; frontal lobe; cingulate gyrus,1.16; 0.84; 0.64; 0.63; 0.60,7.49; 7.19; 7.01; 6.99; 7.01,1.1556,MCFSPILEINMQSESNITVRDDIDDINTNMYQPLSYPLSFQVSLTGFLMLEIVLGLGSNLTVLVLYCMKSNLINSVSNIITMNLHVLDVIICVGCIPLTIVILLLSLESNTALICCFHEACVSFASVSTAINVFAITLDRYDISVKPANRILTMGRAVMLMISIWIFSFFSFLIPFIEVNFFSLQSGNTWENKTLLCVSTNEYYTELGMYYHLLVQIPIFFFTVVVMLITYTKILQALNIRIGTRFSTGQKKKARKKKTISLTTQHEATDMSQSSGGRNVVFGVRTSVSVIIALRRAVKRHRERRERQKRVFRMSLLIISTFLLCWTPISVLNTTILCLGPSDLLVKLRLCFLVMAYGTTIFHPLLYAFTRQKFQKVLKSKMKKRVVSIVEADPLPNNAVIHNSWIDPKRNKKITFEDSEIREKCLVPQVVTD
GPR161,Q8N6U8,1024706;1024705;1024708;1024707,4,dorsal thalamus; occipital lobe; mesencephalon; parietal lobe; basal part of pons,1.14; 0.89; 0.58; 0.44; 0.24,6.17; 6.03; 5.70; 5.65; 5.47,1.1407,MSLNSSLSCRKELSNLTEEEGGEGGVIITQFIAIIVITIFVCLGNLVIVVTLYKKSYLLTLSNKFVFSLTLSNFLLSVLVLPFVVTSSIRREWIFGVVWCNFSALLYLLISSASMLTLGVIAIDRYYAVLYPMVYPMKITGNRAVMALVYIWLHSLIGCLPPLFGWSSVEFDEFKWMCVAAWHREPGYTAFWQIWCALFPFLVMLVCYGFIFRVARVKARKVHCGTVVIVEEDAQRTGRKNSSTSTSSSGSRRNAFQGVVYSANQCKALITILVVLGAFMVTWGPYMVVIASEALWGKSSVSPSLETWATWLSFASAVCHPLIYGLWNKTVRKELLGMCFGDRYYREPFVQRQRTSRLFSISNRITDLGLSPHLTALMAGGQPLGHSSSTGDTGFSCSQDSGTDMMLLEDYTSDDNPPSHCTCPPKRRSSVTFEDEVEQIKEAAKNSILHVKAEVHKSLDSYAASLAKAIEAEAKINLFGEEALPGVLVTARTVPGGGFGGRRGSRTLVSQRLQLQSIEEGDVLAAEQR
GPR157,Q5UAW9,1061090;1038691;1038692;1061311,4,sulci & spaces; subthalamus; ventral thalamus; cerebellar nuclei; epithalamus,1.13; 0.61; 0.60; 0.56; 0.47,4.37; 3.75; 3.83; 3.78; 3.68,1.1304,MQPSPPPTELVPSERAVVLLSCALSALGSGLLVATHALWPDLRSRARRLLLFLSLADLLSAASYFYGVLQNFAGPSWDCVLQGALSTFANTSSFFWTVAIALYLYLSIVRAARGPRTDRLLWAFHVVSWGVPLVITVAAVALKKIGYDASDVSVGWCWIDLEAKDHVLWMLLTGKLWEMLAYVLLPLLYLLVRKHINRAHTALSEYRPILSQEHRLLRHSSMADKKLVLIPLIFIGLRVWSTVRFVLTLCGSPAVQTPVLVVLHGIGNTFQGGANCIMFVLCTRAVRTRLFSLCCCCCSSQPPTKSPAGTPKAPAPSKPGESQESQGTPGELPST
MRGPRG,Q86SM5,1012517,1,epithalamus; brain; cerebellar cortex; insula; ventral thalamus,1.13; 0.88; 0.34; 0.23; 0.20,2.21; 1.70; 1.73; 1.68; 1.73,1.1302,MFGLFGLWRTFDSVVFYLTLIVGLGGPVGNGLVLWNLGFRIKKGPFSIYLLHLAAADFLFLSCRVGFSVAQAALGAQDTLYFVLTFLWFAVGLWLLAAFSVERCLSDLFPACYQGCRPRHASAVLCALVWTPTLPAVPLPANACGLLRNSACPLVCPRYHVASVTWFLVLARVAWTAGVVLFVWVTCCSTRPRPRLYGIVLGALLLLFFCGLPSVFYWSLQPLLNFLLPVFSPLATLLACVNSSSKPLIYSGLGRQPGKREPLRSVLRRALGEGAELGARGQSLPMGLL
GPR182,O15218,1046350;1046351,2,subthalamus; ventral thalamus; cerebellar nuclei; pontine tegmentum; myelencephalon,1.12; 0.85; 0.80; 0.76; 0.74,6.23; 6.01; 6.02; 5.99; 5.96,1.118,MSVKPSWGPGPSEGVTAVPTSDLGEIHNWTELLDLFNHTLSECHVELSQSTKRVVLFALYLAMFVVGLVENLLVICVNWRGSGRAGLMNLYILNMAIADLGIVLSLPVWMLEVTLDYTWLWGSFSCRFTHYFYFVNMYSSIFFLVCLSVDRYVTLTSASPSWQRYQHRVRRAMCAGIWVLSAIIPLPEVVHIQLVEGPEPMCLFMAPFETYSTWALAVALSTTILGFLLPFPLITVFNVLTACRLRQPGQPKSRRHCLLLCAYVAVFVMCWLPYHVTLLLLTLHGTHISLHCHLVHLLYFFYDVIDCFSMLHCVINPILYNFLSPHFRGRLLNAVVHYLPKDQTKAGTCASSSSCSTQHSIIITKGDSQPAAAAPHPEPSLSFQAHHLLPNTSPISPTQPLTPS
